{"cameraMode":{"drawMode":0,"name":"Shaded","section":"Shading Mode"},"sceneLighting":true,"audioPlay":false,"sceneViewState":{"m_AlwaysRefresh":false,"showFog":true,"showSkybox":true,"showFlares":true,"showImageEffects":true,"showParticleSystems":true,"showVisualEffectGraphs":true,"m_FxEnabled":true},"in2DMode":false,"pivot":{"x":-2.048734664916992,"y":-1.473069667816162,"z":0.101898193359375},"rotation":{"x":-0.017977997660636903,"y":-0.04827958717942238,"z":0.0008685929933562875,"w":-0.9986822605133057},"size":9.810733795166016,"orthographic":false}